{
    "dose": {
        "Tm2": {
            "a": 0.0009557466,
            "a_std": 0.0263869769,
            "b": 444.7895472419,
            "b_std": 0.0263869769,
            "c": null,
            "c_std": null
        },
        "Tm3": {
            "a": -0.038424947,
            "a_std": 0.0812830077,
            "b": 485.9613814814,
            "b_std": 0.0812830077,
            "c": null,
            "c_std": null
        },
        "Tm4": {
            "a": -0.0156429684,
            "a_std": 0.105999443,
            "b": 510.9376702179,
            "b_std": 0.105999443,
            "c": null,
            "c_std": null
        },
        "Tm5": {
            "a": 0.0066039032,
            "a_std": 0.1137574687,
            "b": 538.1246502321,
            "b_std": 0.1137574687,
            "c": null,
            "c_std": null
        },
        "E2": {
            "a": 0.0015081872,
            "a_std": 0.0067865461,
            "b": 1.2497971468,
            "b_std": 0.0067865461,
            "c": null,
            "c_std": null
        },
        "E3": {
            "a": -0.001881125,
            "a_std": 0.017253866,
            "b": 1.5684602173,
            "b_std": 0.017253866,
            "c": null,
            "c_std": null
        },
        "E4": {
            "a": -0.0047383382,
            "a_std": 0.0258298685,
            "b": 1.4716174996,
            "b_std": 0.0258298685,
            "c": null,
            "c_std": null
        },
        "E5": {
            "a": 0.0007084698,
            "a_std": 0.0142033901,
            "b": 2.4122155169,
            "b_std": 0.0142033901,
            "c": null,
            "c_std": null
        },
        "Im2": {
            "a": 142.1085074458,
            "a_std": 1.1009167358,
            "b": 1.4760083442,
            "b_std": 1.9704108138,
            "c": null,
            "c_std": null
        },
        "Im3": {
            "a": 122.0183622594,
            "a_std": 1.7300263544,
            "b": 3.0375357944,
            "b_std": 3.9717739864,
            "c": null,
            "c_std": null
        },
        "Im4": {
            "a": 166.8196653488,
            "a_std": 1.5264348537,
            "b": 0.8840351693,
            "b_std": 3.0637773318,
            "c": null,
            "c_std": null
        },
        "Im5": {
            "a": 305.6917917576,
            "a_std": 2.0338827748,
            "b": -0.8058846508,
            "b_std": 3.7086636564,
            "c": null,
            "c_std": null
        },
        "N2": {
            "a": 4712.6361657833,
            "a_std": 32.6944099897,
            "b": 103.8837757337,
            "b_std": 59.7042596866,
            "c": null,
            "c_std": null
        },
        "N3": {
            "a": 3891.1782023983,
            "a_std": 64.6262951088,
            "b": 146.6010407023,
            "b_std": 166.2398779142,
            "c": null,
            "c_std": null
        },
        "N4": {
            "a": 6230.5459543565,
            "a_std": 105.880520224,
            "b": -132.1821775535,
            "b_std": 242.9415375255,
            "c": null,
            "c_std": null
        },
        "N5": {
            "a": 7325.5735680669,
            "a_std": 47.2620405962,
            "b": 98.6988774465,
            "b_std": 99.1972249201,
            "c": null,
            "c_std": null
        },
        "alpha": {
            "a": -0.0020379422,
            "a_std": 0.0006048372,
            "b": 0.3460483892,
            "b_std": 0.0043459752,
            "c": null,
            "c_std": null
        },
        "T0": {
            "a": 1.5230496595,
            "a_std": 0.5090845533,
            "b": 205.3114642323,
            "b_std": 4.365420866,
            "c": null,
            "c_std": null
        },
        "a": {
            "a": 6.4215635724,
            "a_std": 1.0037609608,
            "b": 115.9531319151,
            "b_std": 5.2379675848,
            "c": null,
            "c_std": null
        },
        "b": {
            "a": 0.0170005532,
            "a_std": 0.0174767787,
            "b": 574.2261679072,
            "b_std": 0.0500102381,
            "c": null,
            "c_std": null
        },
        "c": {
            "a": -0.0017630156,
            "a_std": 0.0003633449,
            "b": 0.0453472009,
            "b_std": 0.0078792382,
            "c": 0.716402851,
            "c_std": 0.0398850053
        },
        "d": {
            "a": -0.0000258573,
            "a_std": 0.000011634,
            "b": 0.0009502421,
            "b_std": 0.0001850558,
            "c": 0.0086656721,
            "c_std": 0.0006611505
        },
        "Nsig": {
            "a": 22240.8161283323,
            "a_std": 117.9293310127,
            "b": 90.8083095286,
            "b_std": 208.3649342963,
            "c": null,
            "c_std": null
        }
    },
    "dt_post": {
        "Tm2": {
            "a": 0.0000000743,
            "a_std": 0.0000000027,
            "b": -0.0000616888,
            "b_std": 0.0000020539,
            "c": 1.0001528441,
            "c_std": 0.0000423215,
            "d": null,
            "d_std": null,
            "e": null,
            "e_std": null,
            "f": null,
            "f_std": null
        },
        "Tm3": {
            "a": 0.0000000159,
            "a_std": 0.0000000004,
            "b": -0.0000205545,
            "b_std": 0.0000003892,
            "c": 0.9988549343,
            "c_std": 0.0000662313,
            "d": null,
            "d_std": null,
            "e": null,
            "e_std": null,
            "f": null,
            "f_std": null
        },
        "Tm4": {
            "a": -0.0000000069,
            "a_std": 0.0000000003,
            "b": 0.0000136626,
            "b_std": 0.0000003564,
            "c": 0.9999576689,
            "c_std": 0.000083147,
            "d": null,
            "d_std": null,
            "e": null,
            "e_std": null,
            "f": null,
            "f_std": null
        },
        "Tm5": {
            "a": 0.0000000028,
            "a_std": 0.0000000004,
            "b": -0.0000056894,
            "b_std": 0.0000003813,
            "c": 0.9995719026,
            "c_std": 0.0000769901,
            "d": null,
            "d_std": null,
            "e": null,
            "e_std": null,
            "f": null,
            "f_std": null
        },
        "E2": {
            "a": 0.0903892377,
            "a_std": 0.6155270358,
            "b": -0.0422251697,
            "b_std": 0.0064067881,
            "c": 0.0461591437,
            "c_std": 0.26590977,
            "d": 0.0533838071,
            "d_std": 0.1273810867,
            "e": null,
            "e_std": null,
            "f": null,
            "f_std": null
        },
        "E3": {
            "a": 1.0390866596,
            "a_std": 0.0025831917,
            "b": 0.9896975501,
            "b_std": 0.0092136414,
            "c": 0.0737977015,
            "c_std": 0.0324345617,
            "d": null,
            "d_std": null,
            "e": null,
            "e_std": null,
            "f": null,
            "f_std": null
        },
        "E4": {
            "a": 1.4813634176,
            "a_std": 0.0345955922,
            "b": 0.9996231434,
            "b_std": 0.0064323302,
            "c": 0.0012036766,
            "c_std": 0.0001566437,
            "d": null,
            "d_std": null,
            "e": null,
            "e_std": null,
            "f": null,
            "f_std": null
        },
        "E5": {
            "a": 0.9256240018,
            "a_std": 0.00449414,
            "b": 0.996669129,
            "b_std": 0.0031896069,
            "c": 0.0044248126,
            "c_std": 0.000899384,
            "d": null,
            "d_std": null,
            "e": null,
            "e_std": null,
            "f": null,
            "f_std": null
        },
        "Im2": {
            "a": 0.501067678,